SITE_ID,SITE_NAME,LOCATION_LAT,LOCATION_LONG,LOCATION_ELEV,IGBP
AT-Neu,Neustift,47.1167,11.3175,970,GRA
AU-Tum,Tumbarumba,-35.6566,148.1517,1200,EBF
AU-Wom,Wombat,-37.4222,144.0944,705,EBF
BE-Bra,Brasschaat,51.30761,4.51984,16,ENF
BE-Dor,,50.311876,4.968113,253,GRA
BE-Lcr,,51.11218,3.85043,6.25,DBF
BE-Lon,Lonzee,50.5516198,4.7462339,157,CRO
BE-Maa,,50.979868,5.631851,85,CSH
BE-Vie,Vielsalm,50.304962,5.998099,508,MF
BR-Npw,Northern Pantanal Wetland,-16.498,-56.412,120,WSA
BR-Sa1,Santarem-Km67-Primary Forest,-2.8567,-54.9589,88,EBF
BR-Sa3,Santarem-Km83-Logged Forest,-3.018,-54.9714,100,EBF
BW-Gum,Guma,-18.9647,22.3711,950,WET
BW-Nxr,Nxaraga,-19.5481,23.1792,950,GRA
CA-Gro,"Ontario - Groundhog River, Boreal Mixedwood Forest",48.2167,-82.1556,340,MF
CA-Man,Manitoba - Northern Old Black Spruce (former BOREAS Northern Study Area),55.8796,-98.4808,259,ENF
CA-NS1,UCI-1850 burn site,55.8792,-98.4839,260,ENF
CA-NS2,UCI-1930 burn site,55.9058,-98.5247,260,ENF
CA-NS3,UCI-1964 burn site,55.9117,-98.3822,260,ENF
CA-NS4,UCI-1964 burn site wet,55.9144,-98.3806,260,ENF
CA-NS5,UCI-1981 burn site,55.8631,-98.485,260,ENF
CA-NS6,UCI-1989 burn site,55.9167,-98.9644,244,OSH
CA-NS7,UCI-1998 burn site,56.6358,-99.9483,297,OSH
CA-Oas,"Saskatchewan - Western Boreal, Mature Aspen",53.6289,-106.1978,530,DBF
CA-Obs,"Saskatchewan - Western Boreal, Mature Black Spruce",53.9872,-105.1178,628.94,ENF
CA-Qfo,"Quebec - Eastern Boreal, Mature Black Spruce",49.6925,-74.3421,382,ENF
CA-SCB,Scotty Creek Bog,61.3089,-121.2984,280,WET
CA-SCC,Scotty Creek Landscape,61.3079,-121.2992,285,ENF
CA-SF1,"Saskatchewan - Western Boreal, forest burned in 1977",54.485,-105.8176,536,ENF
CA-SF2,"Saskatchewan - Western Boreal, forest burned in 1989",54.2539,-105.8775,520,ENF
CA-SF3,"Saskatchewan - Western Boreal, forest burned in 1998",54.0916,-106.0053,540,OSH
CA-TP1,Ontario - Turkey Point 2002 Plantation White Pine,42.6609,-80.5595,265,ENF
CA-TP2,Ontario - Turkey Point 1989 Plantation White Pine,42.7744,-80.4588,212,ENF
CA-TP3,Ontario - Turkey Point 1974 Plantation White Pine,42.7068,-80.3483,184,ENF
CA-TP4,Ontario - Turkey Point 1939 Plantation White Pine,42.7102,-80.3574,184,ENF
CA-TPD,Ontario - Turkey Point Mature Deciduous,42.6353,-80.5577,260,DBF
CD-Ygb,,0.814444,24.502472,466,MF
CG-Tch,Tchizalamou,-4.2892,11.6564,82,SAV
CH-Cha,Chamau,47.2102,8.4104,393,GRA
CH-Dav,Davos,46.81533,9.85591,1637,ENF
CH-Fru,Früebüel,47.1158,8.5378,982,GRA
CH-Lae,Laegern,47.4783,8.3644,689,MF
CH-Oe1,Oensingen grassland,47.2858,7.7319,450,GRA
CH-Oe2,Oensingen crop,47.2864,7.7337,452,CRO
CN-Hgu,Hongyuan,32.8453,102.59,3500,GRA
CZ-BK,,49.50207615,18.53688247,881,ENF
CZ-BK1,Bily Kriz forest,49.5021,18.5369,875,ENF
CZ-BK2,Bily Kriz grassland,49.4944,18.5429,855,GRA
CZ-Lnz,,48.6815483,16.9463317,182,DBF
CZ-wet,Trebon (CZECHWET),49.02465,14.77035,426,WET
DE-Akm,Anklam,53.8662,13.6834,-1,WET
DE-Dgw,Dagowsee,53.1514,13.0543,60,WAT
DE-Geb,Gebesee,51.09973,10.91463,163,CRO
DE-Gri,Grillenburg,50.95004,13.51259,385,GRA
DE-Hai,Hainich,51.0794084,10.4520894,438.7,DBF
DE-Har,,47.933,7.5981,201,MF
DE-HoH,,52.08656,11.22235,217,DBF
DE-Hte,Huetelmoor,54.2103,12.1761,0.2,WET
DE-Hzd,,50.96381,13.48978,395,DBF
DE-Kli,Klingenberg,50.89306,13.52238,478,CRO
DE-Lkb,Lackenberg,49.0996,13.3047,1308,ENF
DE-Lnf,Leinefelde,51.3282,10.3678,451,DBF
DE-Msr,,47.809181,11.456168,602.07,ENF
DE-Obe,Oberbärenburg,50.7867,13.7213,734,ENF
DE-RuR,Rollesbroich,50.6219142,6.3041256,514.7,GRA
DE-RuS,Selhausen Juelich,50.86590702,6.447144704,106,CRO
DE-RuW,,50.5049268531233,6.33096247542595,610,ENF
DE-Seh,Selhausen,50.8706,6.4497,103,CRO
DE-SfN,Schechenfilz Nord,47.8064,11.3275,590,WET
DE-Spw,Spreewald,51.8922,14.0337,61,WET
DE-Tha,Tharandt,50.96256,13.56515,388,ENF
DE-Zrk,Zarnekow,53.8759,12.889,0,WET
DK-Eng,Enghave,55.6905,12.1918,10,GRA
DK-Fou,Foulum,56.4842,9.5872,51,CRO
DK-Gds,,56.0737,9.3341,86,ENF
DK-Skj,,55.91273,8.40481,2,WET
DK-Sor,Soroe,55.4858694,11.6446444,55,DBF
DK-Vng,,56.0374765,9.16070962,67.7,CRO
ES-Amo,Amoladeras,36.8336,-2.2523,58,OSH
ES-LJu,Llano de los Juanes,36.9266,-2.7521,1600,OSH
ES-LMa,,39.94033,-5.77465,265,SAV
ES-LgS,Laguna Seca,37.0979,-2.9658,2267,OSH
ES-Ln2,Lanjaron-Salvage logging,36.9695,-3.4758,2249,OSH
FI-Hyy,Hyytiala,61.84741,24.29477,182,ENF
FI-Jok,Jokioinen,60.8986,23.5134,109,CRO
FI-Ken,,67.98721472,24.24301028,347,ENF
FI-Let,Lettosuo,60.64183,23.95952,125,ENF
FI-Lom,Lompolojankka,67.9972,24.2092,274,WET
FI-Si2,Siikaneva-2 Bog,61.8372,24.1967,160,WET
FI-Sii,Siikaneva,61.83265,24.19285,164,WET
FI-Sod,Sodankyla,67.36238641,26.63859066,187,ENF
FI-Var,,67.7549,29.61,395,ENF
FR-Aur,,43.549649,1.106103,250,CRO
FR-Bil,,44.493653,-0.956092,39.18,ENF
FR-CLt,,45.0414,6.41053,2050.6,GRA
FR-EM,,49.8721083,3.02065,85,CRO
FR-FBn,,43.24079,5.67865,436,ENF
FR-Fon,Fontainebleau-Barbeau,48.476358,2.780096,103,DBF
FR-Gri,Grignon,48.84422,1.95191,86,CRO
FR-Hes,,48.6741,7.06465,300,DBF
FR-LBr,Le Bray,44.7171,-0.7693,61,ENF
FR-LGt,La Guette,47.322917,2.284102,153,WET
FR-Lqu,,45.6444,2.7349,995,GRA
FR-Lus,,46.4142461,0.1206518,154,GRA
FR-Mej,,48.1184,-1.79635,40,GRA
FR-Pue,Puechabon,43.7413,3.5957,194,EBF
FR-Tou,,43.572855,1.37474,158,GRA
GF-Guy,Guyaflux (French Guiana),5.2787,-52.9248,40,EBF
GH-Ank,Ankasa,5.2685,-2.6942,124,EBF
GL-Dsk,,69.25349,-53.51413,8,OSH
GL-NuF,Nuuk Fen,64.130933,-51.386068,43,WET
GL-ZaF,Zackenberg Fen,74.481522,-20.555773,42,WET
GL-ZaH,Zackenberg Heath,74.473299,-20.550869,-9999,GRA
HK-MPM,Mai Po Mangrove,22.4982,114.0292,-1,EBF
ID-Pag,Palangkaraya undrained forest,-2.32,113.9,30,EBF
IT-BCi,Borgo Cioffi,40.52375,14.95744444,10,CRO
IT-BFt,,45.197755,10.741966,23,DBF
IT-CA1,Castel d'Asso1,42.3804,12.0266,200,DBF
IT-CA2,Castel d'Asso2,42.3772,12.026,200,CRO
IT-CA3,Castel d'Asso3,42.38,12.0222,197,DBF
IT-Cas,Castellaro,45.07,8.7175,89,CRO
IT-Col,Collelongo,41.8494,13.5881,1560,DBF
IT-Cp,,41.7042655944824,12.3572931289673,19,MF
IT-Cp2,Castelporziano2,41.7043,12.3573,19,EBF
IT-Cpz,Castelporziano,41.7052,12.3761,68,EBF
IT-Isp,Ispra ABC-IS,45.8126,8.6336,210,DBF
IT-La2,Lavarone2,45.9542,11.2853,1350,ENF
IT-Lav,Lavarone,45.9562,11.2813,1353,ENF
IT-Lsn,,45.740481,12.750297,1,OSH
IT-MBo,Monte Bondone,46.014678,11.045831,1550,GRA
IT-Niv,,45.49091,7.13943,2750,GRA
IT-Noe,Arca di Noe - Le Prigionette,40.606176,8.151694,25,CSH
IT-PT1,Parco Ticino forest,45.2009,9.061,60,DBF
IT-Ren,Renon,46.58686,11.43369,1687,ENF
IT-Ro1,Roccarespampani 1,42.4081,11.93,235,DBF
IT-Ro2,Roccarespampani 2,42.3903,11.9209,160,DBF
IT-SR,,43.732022,10.29091,4,ENF
IT-SR2,San Rossore 2,43.732,10.2909,4,ENF
IT-SRo,San Rossore,43.7279,10.2844,6,ENF
IT-Tor,Torgnon,45.84444,7.578055,2168,GRA
KR-CRK,Cheorwon Rice paddy,38.2013,127.2506,182,CRO
NL-Hor,Horstermeer,52.2403,5.0713,2.2,GRA
NL-Loo,Loobos,52.16644722,5.74355,33,ENF
NO-Hur,,60.3716329214,11.0794898767,319,ENF
PA-SPn,Sardinilla Plantation,9.3181,-79.6346,78,DBF
PA-SPs,Sardinilla-Pasture,9.3138,-79.6314,68,GRA
PH-RiF,Philippines Rice Institute flooded,14.1412,121.2653,27,CRO
RU-Ch2,Chersky reference,68.6169,161.3509,4,WET
RU-Che,Cherski,68.613,161.3414,6,WET
RU-Cok,Chokurdakh,70.8291,147.4943,48,OSH
RU-Fyo,Fyodorovskoye,56.4615,32.9221,265,ENF
RU-Ha1,Hakasia steppe,54.7252,90.0022,446,GRA
RU-SkP,Yakutsk Spasskaya Pad larch,62.255,129.168,246,DNF
RU-Tks,Tiksi,71.5943,128.8878,7,GRA
RU-Vrk,Seida/Vorkuta,67.0547,62.9405,100,CSH
SD-Dem,Demokeya,13.2829,30.4783,500,SAV
SE-Deg,Degero,64.182029,19.556539,265,WET
SE-Htm,,56.09763,13.41897,111,ENF
SE-Nor,,60.08649722,17.47950278,58,ENF
SE-St1,Stordalen grassland,68.3541,19.0503,351,WET
SE-Sto,,68.35594288,19.04520892,351.893,WET
SE-Svb,,64.25611,19.7745,305,ENF
SJ-Adv,Adventdalen,78.186,15.923,17,WET
SJ-Blv,"Bayelva, Spitsbergen",78.9216,11.8311,25,SNO
SN-Dhr,Dahra,15.4028,-15.4322,40,SAV
UK-AMo,,55.792546,-3.2436918,268,WET
UK-LBT,London_BT,51.5215,-0.1389,21,URB
US-A03,ARM-AMF3-Oliktok,70.4953,-149.8823,5,BSV
US-A10,ARM-NSA-Barrow,71.3242,-156.6149,4,BSV
US-AR1,ARM USDA UNL OSU Woodward Switchgrass 1,36.4267,-99.42,611,GRA
US-AR2,ARM USDA UNL OSU Woodward Switchgrass 2,36.6358,-99.5975,646,GRA
US-ARM,ARM Southern Great Plains site- Lamont,36.6058,-97.4888,314,CRO
US-ARb,ARM Southern Great Plains burn site- Lamont,35.5497,-98.0402,424,GRA
US-ARc,ARM Southern Great Plains control site- Lamont,35.5465,-98.04,424,GRA
US-Atq,Atqasuk,70.4696,-157.4089,15,WET
US-BZB,Bonanza Creek Thermokarst Bog,64.6955,-148.3208,100,WET
US-BZF,Bonanza Creek Rich Fen,64.7013,-148.3121,95,WET
US-BZS,Bonanza Creek Black Spruce,64.6963,-148.3235,100,ENF
US-Bes,Barrow-Bes (Biocomplexity Experiment South tower),71.2809,-156.5965,4.6,WET
US-Bi1,Bouldin Island Alfalfa,38.0992,-121.4993,-2.7,CRO
US-Bi2,Bouldin Island corn,38.1091,-121.5351,-5,CRO
US-Blo,Blodgett Forest,38.8953,-120.6328,1315,ENF
US-CRT,Curtice Walter-Berger cropland,41.6285,-83.3471,180,CRO
US-Cop,Corral Pocket,38.09,-109.39,1520,GRA
US-DPW,Disney Wilderness Preserve Wetland,28.0521,-81.4361,23,WET
US-EML,"Eight Mile Lake Permafrost thaw gradient, Healy Alaska.",63.8784,-149.2536,662,OSH
US-GBT,GLEES Brooklyn Tower,41.3658,-106.2397,3191,ENF
US-GLE,GLEES,41.3665,-106.2399,3197,ENF
US-Goo,Goodwin Creek,34.2547,-89.8735,87,GRA
US-Ha1,Harvard Forest EMS Tower (HFR1),42.5378,-72.1715,340,DBF
US-Ho1,Howland Forest (main tower),45.2041,-68.7402,60,ENF
US-IB2,Fermi National Accelerator Laboratory- Batavia (Prairie site),41.8406,-88.241,226.5,GRA
US-ICs,Imnavait Creek Watershed Wet Sedge Tundra,68.6058,-149.311,920,WET
US-Ivo,Ivotuk,68.4865,-155.7503,568,WET
US-KS1,Kennedy Space Center (slash pine),28.4583,-80.6709,1,ENF
US-KS2,Kennedy Space Center (scrub oak),28.6086,-80.6715,3,CSH
US-LA1,Pointe-aux-Chenes Brackish Marsh,29.5013,-90.4449,0,WET
US-LA2,Salvador WMA Freshwater Marsh,29.8587,-90.2869,0,WET
US-LWW,Little Washita Watershed,34.9604,-97.9789,365,GRA
US-Lin,Lindcove Orange Orchard,36.3566,-119.0922,131,CRO
US-Los,Lost Creek,46.0827,-89.9792,480,WET
US-MMS,Morgan Monroe State Forest,39.3232,-86.4131,275,DBF
US-MRM,Marsh Resource Meadowlands Mitigation Bank,40.8164,-74.0435,1,WET
US-Me1,Metolius - Eyerly burn,44.5794,-121.5,896,ENF
US-Me2,Metolius mature ponderosa pine,44.4526,-121.5589,1253,ENF
US-Me3,Metolius-second young aged pine,44.3154,-121.6078,1005,ENF
US-Me4,Metolius-old aged ponderosa pine,44.4992,-121.6224,922,ENF
US-Me5,Metolius-first young aged pine,44.4372,-121.5668,1188,ENF
US-Me6,Metolius Young Pine Burn,44.3233,-121.6078,998,ENF
US-Myb,Mayberry Wetland,38.0499,-121.765,-4,WET
US-NC4,NC_AlligatorRiver,35.7879,-75.9038,1,WET
US-NGB,NGEE Arctic Barrow,71.28,-156.6092,5.273,SNO
US-NGC,NGEE Arctic Council,64.8618,-163.7002,35,GRA
US-NR1,Niwot Ridge Forest (LTER NWT1),40.0329,-105.5464,3050,ENF
US-Ne1,Mead - irrigated continuous maize site,41.1651,-96.4766,361,CRO
US-Ne2,Mead - irrigated maize-soybean rotation site,41.1649,-96.4701,362,CRO
US-Ne3,Mead - rainfed maize-soybean rotation site,41.1797,-96.4397,363,CRO
US-ORv,Olentangy River Wetland Research Park,40.0201,-83.0183,221,WET
US-OWC,Old Woman Creek,41.3795,-82.5125,174,WET
US-Oho,Oak Openings,41.5545,-83.8438,230,DBF
US-PFa,Park Falls/WLEF,45.9459,-90.2723,470,MF
US-Prr,Poker Flat Research Range Black Spruce Forest,65.1237,-147.4876,210,ENF
US-SRC,Santa Rita Creosote,31.9083,-110.8395,950,OSH
US-SRG,Santa Rita Grassland,31.7894,-110.8277,1291,GRA
US-SRM,Santa Rita Mesquite,31.8214,-110.8661,1120,WSA
US-Snd,Sherman Island,38.0366,-121.754,-5,GRA
US-Sne,Sherman Island Restored Wetland,38.0369,-121.7547,-5,GRA
US-Srr,Suisun marsh - Rush Ranch,38.2006,-122.0264,8,WET
US-StJ,St Jones Reserve,39.0882,-75.4372,6.7,WET
US-Sta,Saratoga,41.3966,-106.8024,2069,OSH
US-Syv,Sylvania Wilderness Area,46.242,-89.3477,540,MF
US-Ton,Tonzi Ranch,38.4309,-120.966,177,WSA
US-Tw1,Twitchell Wetland West Pond,38.1074,-121.6469,-5,WET
US-Tw2,Twitchell Corn,38.0969,-121.6365,-5,CRO
US-Tw3,Twitchell Alfalfa,38.1152,-121.6469,-4,CRO
US-Tw4,Twitchell East End Wetland,38.1027,-121.6413,-5,WET
US-Tw5,East Pond Wetland,38.1072,-121.6426,-5,WET
US-Twt,Twitchell Island,38.1087,-121.6531,-7,CRO
US-UMB,Univ. of Mich. Biological Station,45.5598,-84.7138,234,DBF
US-UMd,UMBS Disturbance,45.5625,-84.6975,239,DBF
US-Uaf,"University of Alaska, Fairbanks",64.8663,-147.8555,155,ENF
US-Var,Vaira Ranch- Ione,38.4133,-120.9508,129,GRA
US-WCr,Willow Creek,45.8059,-90.0799,520,DBF
US-WPT,Winous Point North Marsh,41.4646,-82.9962,175,WET
US-Whs,Walnut Gulch Lucky Hills Shrub,31.7438,-110.0522,1370,OSH
US-Wi0,Young red pine (YRP),46.6188,-91.0814,349,ENF
US-Wi1,Intermediate hardwood (IHW),46.7305,-91.2329,352,DBF
US-Wi2,Intermediate red pine (IRP),46.6869,-91.1528,395,ENF
US-Wi3,Mature hardwood (MHW),46.6347,-91.0987,411,DBF
US-Wi4,Mature red pine (MRP),46.7393,-91.1663,352,ENF
US-Wi5,Mixed young jack pine (MYJP),46.6531,-91.0858,353,ENF
US-Wi6,Pine barrens #1 (PB1),46.6249,-91.2982,371,OSH
US-Wi7,Red pine clearcut (RPCC),46.6491,-91.0693,335,OSH
US-Wi8,Young hardwood clearcut (YHW),46.7223,-91.2524,348,DBF
US-Wi9,Young Jack pine (YJP),46.7385,-91.0746,350,ENF
US-Wkg,Walnut Gulch Kendall Grasslands,31.7365,-109.9419,1531,GRA
ZA-Kru,Skukuza,-25.0197,31.4969,359,SAV
ZM-Mon,Mongu,-15.4391,23.2525,1053,DBF
CA-ARB,,52.695,-83.9452,89.62,WET
CA-ARF,,52.7008,-83.955,88.16,WET
CA-BOU,,50.5244,-63.2064,112,WET
CA-CF1,,58.6658,-93.83,26,WET
CA-Ca1,,49.8673,-125.3336,303.06,ENF
CA-Ca2,,49.8705,-125.2909,174.01,ENF
CA-Cbo,,44.3167,-79.9333,215.72,DBF
CA-DB2,,49.119,-122.9951,9.21,WET
CA-DBB,,49.1293,-122.9849,10.21,WET
CA-EM1,,50.3623,-100.2024,608,WET
CA-ER1,,43.6405,-80.4123,369.85,CRO
CA-HPC,,68.3203,-133.5188,87.03,ENF
CA-LP1,,55.1119,-122.8414,751,ENF
CA-MA1,,50.1645,-97.8762,260,CRO
CA-MA2,,50.171,-97.8762,259,CRO
CA-MA3,,50.1774,-97.8686,259,GRA
CA-Qc2,,49.7598,-74.5711,387.3,MF
MX-Tes,,27.8446,-109.2977,460,DBF
US-A32,,36.8193,-97.8198,335.58,GRA
US-A74,,36.8085,-97.5489,336.32,CRO
US-ALQ,,46.0308,-89.6067,496.61,WET
US-ASH,,36.1697,-120.201,145.77,DBF
US-ASM,,36.1777,-120.2026,145.31,DBF
US-Akn,,33.3833,-81.5656,93.51,MF
US-BRG,,39.2167,-86.5406,178.11,GRA
US-BZo,,64.6936,-148.33,120.45,WET
US-Bar,,44.0646,-71.2881,270.99,DBF
US-Beo,Barrow Environmental Observatory (BEO) tower,71.281,-156.6123,6.03,WET
US-CF1,,46.7815,-117.0821,793.92,CRO
US-CF2,,46.784,-117.0908,790.7,CRO
US-CF3,,46.7551,-117.1261,782.6,CRO
US-CF4,,46.7518,-117.1285,783.8,CRO
US-CGG,,37.938,-121.9761,116.68,GRA
US-CS1,,44.1031,-89.5379,334.52,CRO
US-CS2,,44.1467,-89.5002,335.3,ENF
US-CS3,,44.1394,-89.5727,327.22,CRO
US-CS4,,44.1597,-89.5475,329.55,CRO
US-CS5,,44.1095,-89.5377,334.87,CRO
US-CS6,,44.4297,-89.544,329.12,CRO
US-CS8,,44.4338,-89.5364,330.27,CRO
US-CdM,,37.5241,-109.7471,1858.38,WSA
US-Cst,,33.0442,-91.9204,45.49,ENF
US-DFC,,43.3448,-89.7117,263.09,CRO
US-DS3,,38.1235,-121.549,-5.45,CRO
US-Dmg,,38.0015,-121.6691,1.42,WET
US-EDN,Eden Landing Ecological Reserve,37.6156,-122.114,1.99,WET
US-Fcr,,65.3968,-148.9348,324.71,OSH
US-Fmf,,35.1426,-111.7273,2192.91,ENF
US-Fuf,,35.089,-111.762,2212.43,ENF
US-Fwf,,35.4454,-111.7718,2313.48,GRA
US-HB1,,33.3455,-79.1957,0.29,WET
US-HB2,,33.3242,-79.244,4.59,ENF
US-HB3,,33.3482,-79.2322,4.1,ENF
US-HRA,Humnoke Farm Rice Field – Field A,34.5852,-91.7517,60.39,CRO
US-HRC,Humnoke Farm Rice Field – Field C,34.5888,-91.7517,60.53,CRO
US-HWB,,40.8608,-77.8488,349.52,CVM
US-Hn2,,46.6889,-119.4641,117.58,GRA
US-Hn3,,46.6878,-119.4614,120.91,OSH
US-Ho2,,45.2091,-68.747,84.14,ENF
US-ICh,,68.6068,-149.2958,951.02,OSH
US-ICt,,68.6063,-149.3041,918.8,OSH
US-Jo1,,32.582,-106.635,1398.42,OSH
US-Jo2,,32.5849,-106.6032,1470.23,OSH
US-KFS,,39.0561,-95.1907,333.09,GRA
US-KLS,,38.7745,-97.5684,378.48,GRA
US-KS3,,28.7085,-80.7427,0.22,WET
US-Kon,,39.0824,-96.5603,443.29,GRA
US-LS2,,31.5659,-110.1344,1240.49,SAV
US-MAC,MacArthur Agro-Ecology,27.1632,-81.1873,9.35,WET
US-MOz,,38.7441,-92.2,238.51,DBF
US-Mo1,,39.2298,-92.1167,263.48,CRO
US-Mo2,,38.9488,-91.9945,273.62,GRA
US-Mo3,,39.2322,-92.1493,264.06,CRO
US-Mpj,,34.4384,-106.2377,2193.94,WSA
US-NC1,,35.8118,-76.7119,6.07,OSH
US-NC3,,35.799,-76.656,5.08,ENF
US-ONA,,40.1776,-112.4524,1655.33,GRA
US-PFL,,45.9409,-90.3177,467.29,DBF
US-PFb,,45.972,-90.3232,471.08,ENF
US-PFc,,45.9677,-90.3088,471.03,DBF
US-PFd,,45.9689,-90.301,464.13,WET
US-PFk,,45.9149,-90.3425,466.79,DBF
US-PFm,,45.9207,-90.3099,468,DBF
US-PFn,,45.9392,-90.2823,474.29,DBF
US-PFp,,45.9365,-90.2641,476.92,DBF
US-PFq,,45.9271,-90.2475,474.08,DBF
US-PFt,,45.9197,-90.2288,472.18,ENF
US-PSH,,36.2347,-119.9247,69.44,DBF
US-PSL,,36.8276,-120.1397,65.58,DBF
US-Pnp,,43.0896,-89.4158,265.62,WAT
US-RGA,,34.4159,-91.6733,59.09,CRO
US-RGB,,39.5782,-121.8579,33.29,CRO
US-RGF,,37.6995,-121.1369,16,CRO
US-RGW,,33.6216,-91.4306,43.2,CRO
US-RGo,,39.6805,-122.0026,40.39,CRO
US-RRC,,37.3344,-77.2065,0.67,WET
US-Rls,,43.1439,-116.7356,1618.86,CSH
US-Rms,,43.0645,-116.7486,2110.28,CSH
US-Ro1,,44.7143,-93.0898,287.57,CRO
US-Ro2,,44.7288,-93.0888,287.31,CRO
US-Ro3,,44.7217,-93.0893,283.8,CRO
US-Ro4,,44.6781,-93.0723,265.21,GRA
US-Ro5,,44.691,-93.0576,283.48,CRO
US-Ro6,,44.6946,-93.0578,283.19,CRO
US-Rpf,,65.1198,-147.429,487.7,DBF
US-Rwe,,43.0653,-116.7591,2095.4,CSH
US-Rwf,,43.1207,-116.7231,1882.6,CSH
US-Rws,,43.1675,-116.7132,1424.62,OSH
US-SP1,,29.7381,-82.2188,47.22,ENF
US-SRS,,31.8173,-110.8508,1167.63,WSA
US-SSH,,40.6658,-77.9041,302.33,DBF
US-Seg,,34.3623,-106.7019,1594.51,GRA
US-Ses,,34.3349,-106.7442,1599.98,OSH
US-Snf,,38.0402,-121.7272,-4.07,GRA
US-UC1,,40.7536,-78.0056,390.06,CVM
US-UC2,,40.7559,-77.9998,395.54,CVM
US-UM3,,45.5686,-84.6707,217.23,WAT
US-UTB,,40.7848,-113.8299,1285.27,BSV
US-Vcm,,35.8884,-106.5321,3033.99,ENF
US-Vcp,,35.8624,-106.5974,2485.37,ENF
US-Wjs,,34.4255,-105.8615,1929.02,SAV
US-YK2,,61.2548,-163.259,18.68,WET
US-xAB,,45.7624,-122.3303,364.39,ENF
US-xAE,,35.4106,-99.0588,520.07,GRA
US-xBA,,71.2824,-156.6194,5.29,WET
US-xBL,,39.0603,-78.0716,182.57,DBF
US-xBN,,65.154,-147.5026,232.79,ENF
US-xBR,,44.0639,-71.2873,275.02,DBF
US-xCL,,33.4012,-97.57,272.26,GRA
US-xCP,,40.8155,-104.7456,1653.93,GRA
US-xDC,,47.1617,-99.1066,575.6,GRA
US-xDJ,,63.8811,-145.7514,506.78,ENF
US-xDL,,32.5417,-87.8039,24.59,MF
US-xDS,,28.125,-81.4362,20.7,CVM
US-xGR,,35.689,-83.5019,576.55,DBF
US-xHA,,42.5369,-72.1727,348.23,DBF
US-xHE,,63.8757,-149.2133,677.56,OSH
US-xJE,,31.1948,-84.4686,46.53,ENF
US-xJR,,32.5907,-106.8425,1323.42,OSH
US-xKA,,39.1104,-96.6129,324.14,GRA
US-xKZ,,39.1008,-96.5631,415.06,GRA
US-xMB,,38.2483,-109.3883,1801.24,OSH
US-xML,,37.3783,-80.5248,1170.36,DBF
US-xNG,,46.7697,-100.9154,588.51,GRA
US-xNQ,,40.1776,-112.4524,1655.33,OSH
US-xRM,,40.2759,-105.5459,2743.94,ENF
US-xSB,,29.6893,-81.9934,46.15,ENF
US-xSC,,38.8929,-78.1395,353.02,DBF
US-xSE,,38.8901,-76.56,9.79,DBF
US-xSJ,,37.1088,-119.7323,398.8,SAV
US-xSL,,40.4619,-103.0293,1364.89,CRO
US-xSR,,31.9107,-110.8355,997.32,OSH
US-xST,,45.5089,-89.5864,475.42,DBF
US-xTA,,32.9505,-87.3933,165.87,ENF
US-xTL,,68.6611,-149.3705,827.85,WET
US-xTR,,45.4937,-89.5857,466.34,DBF
US-xUK,,39.0404,-95.1921,321.35,DBF
US-xUN,,46.2339,-89.5373,521.47,MF
US-xWD,,47.1282,-99.2414,590.92,GRA
US-xYE,,44.9535,-110.5391,2132.93,ENF
AR-CCg,,-35.9244,-61.1855,83,GRA
AR-SLu,San Luis,-33.4648,-66.4598,505,MF
AR-TF1,,-54.9733,-66.7335,33,WET
AU-Cum,Cumberland Plain,-33.6152,150.7236,37,EBF
AU-Lox,Loxton,-34.4704,140.6551,44,DBF
CZ-KrP,,49.573257,15.078773,540,CRO
DE-SfS,,47.80629,11.32757,594,WET
JP-BBY,Bibai bog,43.323,141.8107,15,WET
SE-Ros,,64.1725,19.738,0,ENF
AR-Vir,Virasoro,-28.2395,-56.1886,105,ENF
AU-ASM,Alice Springs,-22.283,133.249,607,SAV
AU-Ade,Adelaide River,-13.0769,131.1178,75,WSA
AU-Boy,,-32.477093,116.938559,390,EBF
AU-Cpr,Calperum,-34.0021,140.5891,65,SAV
AU-DaP,Daly River Pasture,-14.0633,131.3181,70,GRA
AU-DaS,Daly River Savanna,-14.1593,131.3881,76,SAV
AU-Dry,Dry River,-15.2588,132.3706,177,SAV
AU-Emr,Emerald,-23.8587,148.4746,179,GRA
AU-Fog,Fogg Dam,-12.5452,131.3072,4,WET
AU-GWW,"Great Western Woodlands, Western Australia, Australia",-30.1913,120.6541,453,SAV
AU-Gin,Gingin,-31.3764,115.7138,51,WSA
AU-How,Howard Springs,-12.4943,131.1523,37,WSA
AU-Lit,,-13.17904178,130.7945459,221,WSA
AU-Lon,,-23.5232657644973,144.310415719645,207,GRA
AU-RDF,"Red Dirt Melon Farm, Northern Territory",-14.5636,132.4776,188,WSA
AU-Rgf,,-32.506102,116.966827,311,CRO
AU-Rig,Riggs Creek,-36.6499,145.5759,152,GRA
AU-Rob,"Robson Creek, Queensland, Australia",-17.1175,145.6301,711,EBF
AU-Stp,Sturt Plains,-17.1507,133.3502,228,GRA
AU-TTE,Ti Tree East,-22.287,133.64,552,GRA
AU-Wac,Wallaby Creek,-37.4259,145.1878,751,EBF
AU-War,,-43.09502,146.65452,113,EBF
AU-Whr,Whroo,-36.6732,145.0294,150,EBF
AU-Ync,Jaxa,-34.9893,146.2907,124,GRA
BR-CST,,-7.9682,-38.3842,468,DNF
CH-Aws,,46.583194,9.790417,1942,GRA
CH-Frk,,46.577752,8.421466,2435,GRA
CL-SDF,,-41.883,-73.676,31,EBF
CN-Cha,Changbaishan,42.4025,128.0958,762,MF
CN-Cng,Changling,44.5934,123.5092,142,GRA
CN-Dan,Dangxiong,30.4978,91.0664,4319,GRA
CN-Din,Dinghushan,23.1733,112.5361,272,EBF
CN-Du2,Duolun_grassland (D01),42.0467,116.2836,1320,GRA
CN-Du3,Duolun Degraded Meadow,42.0551,116.2809,1310,GRA
CN-Ha2,Haibei Shrubland,37.6086,101.3269,3201,WET
CN-HaM,Haibei Alpine Tibet site,37.37,101.18,4001,GRA
CN-Qia,Qianyanzhou,26.7414,115.0581,109,ENF
CN-Sw2,Siziwang Grazed (SZWG),41.7902,111.8971,1445,GRA
CZ-RAJ,,49.4437236,16.6965125,648,ENF
CZ-Stn,,49.035975,17.9699,564,DBF
DE-Hdn,,53.86825,13.268543,19,CRO
DE-Rns,,51.494953,9.932118,155,CRO
DE-RuC,,50.5031,6.336,631,OSH
EE-Pts,,58.563316,24.368887,16,WET
ES-Abr,,38.701839,-6.785881,281,SAV
ES-Agu,,36.940046,-2.033208,197,OSH
ES-Cnd,,37.914998,-3.227659,366,EBF
ES-LM1,,39.94269,-5.778683,263,SAV
ES-LM2,,39.934592,-5.775881,270,SAV
ES-Pdu,,37.016975,-3.609228,724,WET
FI-Qvd,,60.295242,22.391607,0,CRO
FR-EM2,,49.8721083,3.02065,84,CRO
FR-Lam,,43.49648,1.23785,182,CRO
IE-CaC,,52.85879,-6.918136,58,CRO
IE-CaN,,52.85879,-6.918136,58,CRO
IE-Cra,,53.3229785,-7.641769,57,WET
IE-Gwr,,52.6365,-7.011306,47,CRO
IL-Yat,,31.345044585655,35.0519885122776,652,ENF
IT-BsB,,45.11835,7.16198,661,DBF
IT-Bsn,,45.119312,7.16049,623,GRA
IT-MtM,,46.687021,10.579757,1476,GRA
IT-MtP,,46.684285,10.585237,1520,GRA
IT-TrF,,45.82376,7.56089,2084,DNF
JP-MBF,Moshiri Birch Forest Site,44.3869,142.3186,571,DBF
JP-Mse,Mase rice paddy field,36.0539,140.0269,12,CRO
JP-Ozm,,34.56347,135.53348,24,URB
JP-SMF,Seto Mixed Forest Site,35.2617,137.0788,189,MF
JP-SwL,Suwa Lake,36.0466,138.1084,760,WAT
MY-MLM,Maludam National Park,1.4536,111.1495,27,EBF
MY-PSO,Pasoh Forest Reserve (PSO),2.973,102.3062,132,EBF
NZ-Kop,Kopuatai,-37.3879,175.5539,8,EBF
PE-QFR,,-3.8344,-73.319,101,WET
RU-Fy2,Fyodorovskoye dry spruce,56.4476,32.9019,275,ENF
RU-Fy3,,56.4435,33.0478,271,ENF
RU-Sam,Samoylov,72.3738,126.4958,0,GRA
SE-Lnn,,58.3406295776367,13.101767539978,71,CRO
